name_en,name_bn
Barishal,বরিশাল
Chattogram,চট্টগ্রাম
Dhaka,ঢাকা
Khulna,খুলনা
Mymensingh,ময়মনসিংহ
Rajshahi,রাজশাহী
Rangpur,রংপুর
Sylhet,সিলেট
Bagerhat,বাগেরহাট
Bandarban,বান্দরবান
Barguna,বরগুনা
Bhola,ভোলা
Bogura,বগুড়া
Brahmanbaria,ব্রাহ্মণবাড়িয়া
Chandpur,চাঁদপুর
Chapainababganj,চাঁপাইনবাবগঞ্জ
Chuadanga,চুয়াডাঙ্গা
Cox's Bazar,কক্সবাজার
Cumilla,কুমিল্লা
Dinajpur,দিনাজপুর
Faridpur,ফরিদপুর
Feni,ফেনী
Gaibandha,গাইবান্ধা
Gazipur,গাজীপুর
Gopalganj,গোপালগঞ্জ
Habiganj,হবিগঞ্জ
Jamalpur,জামালপুর
Jashore,যশোর
Jhalokati,ঝালকাঠি
Jhenaidah,ঝিনাইদহ
Joypurhat,জয়পুরহাট
Khagrachhari,খাগড়াছড়ি
Kishoreganj,কিশোরগঞ্জ
Kurigram,কুড়িগ্রাম
Kushtia,কুষ্টিয়া
Lakshmipur,লক্ষ্মীপুর
Lalmonirhat,লালমনিরহাট
Madaripur,মাদারীপুর
Magura,মাগুরা
Manikganj,মানিকগঞ্জ
Meherpur,মেহেরপুর
Moulvibazar,মৌলভীবাজার
Munshiganj,মুন্সিগঞ্জ
Naogaon,নওগাঁ
Narail,নড়াইল
Narayanganj,নারায়ণগঞ্জ
Narsingdi,নরসিংদী
Natore,নাটোর
Netrakona,নেত্রকোণা
Nilphamari,নীলফামারী
Noakhali,নোয়াখালী
Pabna,পাবনা
Panchagarh,পঞ্চগড়
Patuakhali,পটুয়াখালী
Pirojpur,পিরোজপুর
Rajbari,রাজবাড়ী
Rangamati,রাঙ্গামাটি
Satkhira,সাতক্ষীরা
Shariatpur,শরীয়তপুর
Sherpur,শেরপুর
Sirajganj,সিরাজগঞ্জ
Sunamganj,সুনামগঞ্জ
Tangail,টাঙ্গাইল
Thakurgaon,ঠাকুরগাঁও
